"","precipIntensity","temperatureMax","windSpeed","humidity","date"
"1","0.0129","62.05","1.92","0.72",2013-09-15
"2","3e-04","61.85","12.85","0.68",2013-09-16
"3","0","67.42","9.09","0.64",2013-09-17
"4","0.0191","79.35","9.05","0.67",2013-09-18
"5","0.0059","78.9","10.99","0.79",2013-09-19
"6","7e-04","76.87","10.38","0.72",2013-09-20
"7","0","63.92","10.52","0.65",2013-09-21
"8","0","62.57","5.23","0.65",2013-09-22
"9","0","64.6","7.69","0.65",2013-09-23
"10","0","66.32","7.78","0.64",2013-09-24
"11","0","66.38","7.37","0.68",2013-09-25
"12","0","70.25","6.37","0.67",2013-09-26
"13","0","75.02","7.13","0.56",2013-09-27
"14","0","81.79","12.02","0.55",2013-09-28
"15","0.0071","74.03","6.54","0.69",2013-09-29
"16","0","70.55","3.36","0.63",2013-09-30
"17","0","77.54","12.92","0.74",2013-10-01
"18","0","71.22","2.9","0.6",2013-10-02
"19","0.0355","76.16","8.02","0.84",2013-10-03
"20","0","74.29","2.74","0.83",2013-10-04
"21","0.0331","78.73","7.97","0.85",2013-10-05
"22","0.0032","68.34","8.86","0.7",2013-10-06
"23","0","66.09","6.67","0.67",2013-10-07
"24","0","71.31","6.25","0.63",2013-10-08
"25","0","66.03","4.58","0.62",2013-10-09
"26","0","69.33","4.97","0.67",2013-10-10
"27","0","71.14","7.34","0.59",2013-10-11
"28","4e-04","72.16","6.98","0.68",2013-10-12
"29","0","61.11","5.78","0.61",2013-10-13
"30","0","59.41","8.93","0.66",2013-10-14
"31","0.0018","63.39","9.42","0.76",2013-10-15
"32","0","53.73","11.06","0.74",2013-10-16
"33","0.0059","52.26","8.02","0.83",2013-10-17
"34","0","49.39","8.83","0.76",2013-10-18
"35","4e-04","52.83","10.05","0.65",2013-10-19
"36","4e-04","63.47","8.35","0.66",2013-10-20
"37","0.0011","56.66","10.65","0.63",2013-10-21
"38","5e-04","41.47","6.3","0.77",2013-10-22
"39","0","44.52","9.99","0.67",2013-10-23
"40","0","42.04","10.25","0.57",2013-10-24
"41","0","50.03","10.04","0.56",2013-10-25
"42","0","52.85","11.64","0.5",2013-10-26
"43","0","53.73","7.73","0.59",2013-10-27
"44","0","52.06","8.75","0.72",2013-10-28
"45","0","54.19","7.42","0.69",2013-10-29
"46","0.0165","59.34","6.3","0.89",2013-10-30
"47","0.0389","64.27","10.48","0.93",2013-10-31
"48","0.0033","48.97","13.89","0.79",2013-11-01
"49","4e-04","46.64","7.68","0.84",2013-11-02
"50","0","50.87","3.37","0.74",2013-11-03
"51","0","56.15","14.83","0.63",2013-11-04
"52","6e-04","54.77","10.85","0.76",2013-11-05
"53","0.0308","56.3","10.36","0.84",2013-11-06
"54","0","44.25","9.91","0.71",2013-11-07
"55","0","47.39","7.28","0.67",2013-11-08
"56","0","57.45","16.37","0.55",2013-11-09
"57","0","47.75","9.21","0.58",2013-11-10
"58","0.0041","47.39","8.88","0.69",2013-11-11
"59","0","33.57","11.72","0.61",2013-11-12
"60","0","38.82","14.47","0.59",2013-11-13
"61","0","49.39","17.07","0.49",2013-11-14
"62","1e-04","48.35","12.44","0.59",2013-11-15
"63","0.0063","60.65","16.25","0.85",2013-11-16
"64","0.0179","68","16.22","0.82",2013-11-17
"65","0","43.65","16.7","0.65",2013-11-18
"66","0","39.58","1.37","0.72",2013-11-19
"67","0.0065","43.27","11.26","0.69",2013-11-20
"68","0.0018","50.75","4.76","0.83",2013-11-21
"69","0.0011","43.67","11.74","0.79",2013-11-22
"70","0","29.31","14.68","0.55",2013-11-23
"71","0","25.78","7.69","0.5",2013-11-24
"72","4e-04","31.52","14.03","0.66",2013-11-25
"73","0","35.61","8.6","0.69",2013-11-26
"74","0","28.27","12.28","0.56",2013-11-27
"75","0","33.39","7.27","0.54",2013-11-28
"76","0","34.77","2.64","0.63",2013-11-29
"77","0","49.54","11.18","0.59",2013-11-30
"78","0","40.7","5.49","0.8",2013-12-01
"79","0.0025","40.74","6.4","0.74",2013-12-02
"80","3e-04","49.61","8.77","0.91",2013-12-03
"81","0","56.61","10","0.9",2013-12-04
"82","0","41.32","14.97","0.68",2013-12-05
"83","0","22.21","9.46","0.61",2013-12-06
"84","0","19.18","6.53","0.59",2013-12-07
"85","0.0037","25.48","7.03","0.74",2013-12-08
"86","0","26.09","15.35","0.72",2013-12-09
"87","0","21.97","14.46","0.64",2013-12-10
"88","4e-04","19.58","9.63","0.67",2013-12-11
"89","0","19.82","11.57","0.65",2013-12-12
"90","6e-04","30.56","4.17","0.72",2013-12-13
"91","0.0063","30.05","8.49","0.88",2013-12-14
"92","0","24.33","12.91","0.72",2013-12-15
"93","6e-04","21.73","2.49","0.73",2013-12-16
"94","0","32.88","12.87","0.77",2013-12-17
"95","0","34.87","11.59","0.63",2013-12-18
"96","0.0018","39.96","2.84","0.81",2013-12-19
"97","0.007","36.75","7.84","0.93",2013-12-20
"98","0.0074","35.18","8.16","0.93",2013-12-21
"99","0.0032","34.18","7.78","0.88",2013-12-22
"100","0","26.13","13.64","0.73",2013-12-23
"101","1e-04","17.35","8.33","0.68",2013-12-24
"102","0.0011","27.21","11.56","0.78",2013-12-25
"103","0","34.97","9.87","0.71",2013-12-26
"104","0","42.43","10.97","0.72",2013-12-27
"105","0","50.03","14.03","0.65",2013-12-28
"106","0","39.08","8.66","0.74",2013-12-29
"107","3e-04","14.65","6.77","0.64",2013-12-30
"108","0.0043","15.02","7.42","0.74",2013-12-31
"109","0.0018","21.52","14.06","0.82",2014-01-01
"110","0.0019","20.84","13.84","0.75",2014-01-02
"111","0","19.75","12.64","0.66",2014-01-03
"112","0.0043","32.13","15.44","0.74",2014-01-04
"113","0.0054","29.85","21.39","0.79",2014-01-05
"114","0","-0.58","19.9","0.6",2014-01-06
"115","0","3.93","11.81","0.66",2014-01-07
"116","0","14.69","3.69","0.69",2014-01-08
"117","0","27.58","6.08","0.8",2014-01-09
"118","0.0216","41.28","11.01","0.93",2014-01-10
"119","0.0033","41.67","12.34","0.85",2014-01-11
"120","0","44.03","15.07","0.73",2014-01-12
"121","0","46.01","12.39","0.69",2014-01-13
"122","0","34.97","13.14","0.76",2014-01-14
"123","0","22.21","9.84","0.68",2014-01-15
"124","0","34.27","15.08","0.72",2014-01-16
"125","2e-04","21.06","12","0.67",2014-01-17
"126","0.0019","20.85","5.51","0.8",2014-01-18
"127","0","38.7","14.97","0.75",2014-01-19
"128","7e-04","36.91","9.71","0.77",2014-01-20
"129","6e-04","19.56","13.5","0.64",2014-01-21
"130","0","15.24","8.55","0.68",2014-01-22
"131","0","10.55","15.23","0.58",2014-01-23
"132","1e-04","25.59","21.2","0.64",2014-01-24
"133","0","31.98","15.89","0.57",2014-01-25
"134","0.1194","31.56","11.88","0.68",2014-01-26
"135","0","7.23","16.92","0.56",2014-01-27
"136","0","3.48","11.04","0.62",2014-01-28
"137","0","22.6","12.31","0.54",2014-01-29
"138","0","33.12","20.44","0.63",2014-01-30
"139","3e-04","29.81","3.22","0.69",2014-01-31
"140","0.0066","30.42","6.91","0.87",2014-02-01
"141","0","24.25","7.93","0.68",2014-02-02
"142","0","22.21","3.6","0.64",2014-02-03
"143","7e-04","24.39","5.8","0.71",2014-02-04
"144","0.0032","24.48","14.47","0.77",2014-02-05
"145","0","11.61","11.8","0.68",2014-02-06
"146","0","11.82","10.88","0.64",2014-02-07
"147","0.0012","16.21","5.61","0.74",2014-02-08
"148","0","19.08","8.96","0.71",2014-02-09
"149","0","13.28","8.59","0.58",2014-02-10
"150","0","14.15","4.14","0.61",2014-02-11
"151","0","23.45","6.56","0.65",2014-02-12
"152","0","31.64","9.53","0.62",2014-02-13
"153","0","22.31","9.66","0.67",2014-02-14
"154","8e-04","23.9","5","0.67",2014-02-15
"155","0","25.53","5.87","0.71",2014-02-16
"156","0.0075","28.61","8.27","0.79",2014-02-17
"157","0","44.76","10.86","0.67",2014-02-18
"158","0","44.21","7.01","0.67",2014-02-19
"159","0.017","49.63","6.87","0.88",2014-02-20
"160","0","37.69","23.36","0.62",2014-02-21
"161","0","34.85","12.45","0.49",2014-02-22
"162","0","28.06","11.62","0.52",2014-02-23
"163","0","24.61","12.66","0.56",2014-02-24
"164","0","22.59","12.73","0.56",2014-02-25
"165","0","18.69","14.02","0.53",2014-02-26
"166","0","19.09","12.01","0.43",2014-02-27
"167","0","30.46","10.83","0.52",2014-02-28
"168","0.0027","31.34","10.43","0.71",2014-03-01
"169","8e-04","12.45","14.45","0.62",2014-03-02
"170","0","15.25","3.51","0.59",2014-03-03
"171","0","26.52","4.1","0.56",2014-03-04
"172","0.0013","22.32","11.99","0.72",2014-03-05
"173","0","27.06","6.87","0.63",2014-03-06
"174","0","45.69","7.72","0.64",2014-03-07
"175","2e-04","37.94","12","0.78",2014-03-08
"176","0","41.42","12.59","0.71",2014-03-09
"177","0","53.95","15.42","0.62",2014-03-10
"178","0.0021","47.12","6.09","0.74",2014-03-11
"179","0.008","33.05","20.6","0.73",2014-03-12
"180","0","38.05","10.16","0.72",2014-03-13
"181","0","52.99","17.1","0.61",2014-03-14
"182","0","39.21","6.63","0.69",2014-03-15
"183","0","29.28","21.37","0.59",2014-03-16
"184","0","36.36","8.41","0.54",2014-03-17
"185","0","47.57","10.8","0.66",2014-03-18
"186","0.0086","45.12","9.58","0.82",2014-03-19
"187","1e-04","42.1","4.17","0.69",2014-03-20
"188","0","56.98","4.87","0.7",2014-03-21
"189","0","44.54","10.68","0.64",2014-03-22
"190","0","29.79","9.42","0.59",2014-03-23
"191","0","32.62","2.46","0.55",2014-03-24
"192","7e-04","30.34","12.42","0.54",2014-03-25
"193","0","38.39","6.94","0.45",2014-03-26
"194","0.0038","52.21","20.17","0.72",2014-03-27
"195","0.0012","54.02","2.52","0.81",2014-03-28
"196","0","36.41","12.09","0.75",2014-03-29
"197","0","53.24","3.66","0.57",2014-03-30
"198","4e-04","63.25","16.26","0.43",2014-03-31
"199","2e-04","55.87","17.62","0.53",2014-04-01
"200","0","44.31","9.89","0.67",2014-04-02
"201","0.0213","40.85","12.92","0.9",2014-04-03
"202","2e-04","45.91","11.17","0.8",2014-04-04
"203","0","43.13","1.32","0.53",2014-04-05
"204","0","50.46","6.49","0.5",2014-04-06
"205","0","46.25","6.76","0.63",2014-04-07
"206","7e-04","49.43","3.08","0.68",2014-04-08
"207","0","60.67","5.15","0.54",2014-04-09
"208","0","63.05","11.61","0.48",2014-04-10
"209","0","68.01","2.97","0.39",2014-04-11
"210","0","76.42","14.21","0.44",2014-04-12
"211","0.0086","70.21","6.75","0.77",2014-04-13
"212","0.0063","65.17","9.89","0.84",2014-04-14
"213","3e-04","34.45","6.63","0.62",2014-04-15
"214","0","50.21","14.53","0.5",2014-04-16
"215","0","60.3","10.19","0.48",2014-04-17
"216","0","48.37","8.68","0.71",2014-04-18
"217","0","55.19","7.31","0.63",2014-04-19
"218","0","74.82","9.82","0.37",2014-04-20
"219","0.0135","74.53","9.1","0.58",2014-04-21
"220","0","59.99","9.47","0.63",2014-04-22
"221","0","44.44","10.24","0.6",2014-04-23
"222","0.0016","60.54","11.34","0.51",2014-04-24
"223","0.0037","68.25","7.89","0.55",2014-04-25
"224","2e-04","61.38","12.21","0.62",2014-04-26
"225","0.0011","56.64","15.52","0.63",2014-04-27
"226","0.0152","54.14","15.32","0.75",2014-04-28
"227","0.0142","61.11","4.2","0.79",2014-04-29
"228","2e-04","52.56","9.46","0.78",2014-04-30
"229","0.0026","48.67","13.73","0.81",2014-05-01
"230","3e-04","52.79","10.63","0.78",2014-05-02
"231","8e-04","66.09","13.08","0.53",2014-05-03
"232","0","60.63","4.92","0.46",2014-05-04
"233","0.001","51.39","13.26","0.64",2014-05-05
"234","0","57.11","12.84","0.6",2014-05-06
"235","0","71.73","7.74","0.55",2014-05-07
"236","0","88.34","14.6","0.52",2014-05-08
"237","0.0504","73.24","13.66","0.7",2014-05-09
"238","0","72.78","2.79","0.5",2014-05-10
"239","0.0083","82.41","8.46","0.57",2014-05-11
"240","0.0094","82.7","12.41","0.76",2014-05-12
"241","0.0036","69.08","9.17","0.83",2014-05-13
"242","4e-04","54.37","11.08","0.67",2014-05-14
"243","0.0069","49.63","13.54","0.78",2014-05-15
"244","0.0027","43.3","7.67","0.79",2014-05-16
"245","0","57.79","6.18","0.59",2014-05-17
"246","0","66.97","9.77","0.47",2014-05-18
"247","0","67.66","11.34","0.45",2014-05-19
"248","0.0198","83.71","11.63","0.6",2014-05-20
"249","0.0016","78.37","1.28","0.68",2014-05-21
"250","0","64.19","5.64","0.68",2014-05-22
"251","0","59.11","5.91","0.69",2014-05-23
"252","0","63.91","3.86","0.64",2014-05-24
"253","0","76.42","3.47","0.58",2014-05-25
"254","0.002","83.95","5.9","0.63",2014-05-26
"255","0.0062","82.7","5.85","0.76",2014-05-27
"256","0.0132","61.5","8.45","0.78",2014-05-28
"257","0","64.87","8.35","0.77",2014-05-29
"258","0","68.75","5.39","0.68",2014-05-30
"259","0","79.5","4.76","0.6",2014-05-31
"260","0","86.94","11.42","0.54",2014-06-01
"261","0.0064","82.14","14.27","0.68",2014-06-02
"262","0","76.3","4.75","0.54",2014-06-03
"263","0.0037","68.23","7.02","0.77",2014-06-04
"264","0","67.53","5.41","0.63",2014-06-05
"265","0","72.52","4.36","0.53",2014-06-06
"266","1e-04","78.11","5.71","0.53",2014-06-07
"267","0.0117","64.9","16.43","0.71",2014-06-08
"268","0","67.13","7.44","0.69",2014-06-09
"269","0.0176","61.06","9.4","0.81",2014-06-10
"270","0.0085","63","4.6","0.9",2014-06-11
"271","4e-04","80.33","7.67","0.72",2014-06-12
"272","0","66.12","4.03","0.53",2014-06-13
"273","0","74.53","7.56","0.45",2014-06-14
"274","0","82.73","14.34","0.53",2014-06-15
"275","0","83.65","5.76","0.61",2014-06-16
"276","0","86.35","10.75","0.63",2014-06-17
"277","0.0092","81.31","3.76","0.78",2014-06-18
"278","0.0161","72.31","5.69","0.87",2014-06-19
"279","0.0034","81.98","1.65","0.8",2014-06-20
"280","0.0199","76.56","1.61","0.85",2014-06-21
"281","0","69.51","4.27","0.86",2014-06-22
"282","0.0039","77.32","1.22","0.84",2014-06-23
"283","0.0158","79.34","1.26","0.82",2014-06-24
"284","8e-04","69.78","7.12","0.88",2014-06-25
"285","0","67.22","5.69","0.87",2014-06-26
"286","0","85.18","5.92","0.71",2014-06-27
"287","0.0058","82.64","11.09","0.74",2014-06-28
"288","0.002","85.25","13.11","0.74",2014-06-29
"289","0.0614","84.82","10.05","0.81",2014-06-30
"290","0.0037","80.42","11.74","0.7",2014-07-01
"291","0.0042","72.23","6.26","0.75",2014-07-02
"292","0.0024","70.91","2.07","0.65",2014-07-03
"293","0","72.44","1.85","0.58",2014-07-04
"294","2e-04","76.7","8.67","0.59",2014-07-05
"295","0","84.8","12.3","0.7",2014-07-06
"296","0.0146","80.79","6.22","0.7",2014-07-07
"297","0.0151","80.71","10.82","0.61",2014-07-08
"298","0","73.31","3.39","0.67",2014-07-09
"299","0","72.61","5.86","0.67",2014-07-10
"300","1e-04","77.01","5.26","0.57",2014-07-11
"301","0.0666","79.09","9.53","0.78",2014-07-12
"302","0.0107","85.22","8.86","0.71",2014-07-13
"303","0.0114","75.43","3.49","0.64",2014-07-14
"304","0.0014","67.87","10.22","0.68",2014-07-15
"305","2e-04","67.69","4.12","0.68",2014-07-16
"306","0","72.88","3.73","0.62",2014-07-17
"307","0","75.52","6.5","0.61",2014-07-18
"308","0","75.16","3.1","0.64",2014-07-19
"309","0","77.86","3.02","0.67",2014-07-20
"310","0","82.56","7.22","0.64",2014-07-21
"311","1e-04","87.67","11.48","0.69",2014-07-22
"312","0.002","74.76","17.31","0.69",2014-07-23
"313","0","69.83","7.49","0.65",2014-07-24
"314","0","73.74","9.13","0.66",2014-07-25
"315","0","77.85","5.2","0.73",2014-07-26
"316","0.0014","85.61","10.96","0.68",2014-07-27
"317","0","66.96","13.95","0.61",2014-07-28
"318","1e-04","73.56","2.82","0.65",2014-07-29
"319","0","72.19","2.43","0.73",2014-07-30
"320","0","82.36","8.11","0.63",2014-07-31
"321","0.0068","77.74","4.03","0.68",2014-08-01
"322","0","76.38","2.01","0.64",2014-08-02
"323","0","82.46","3.09","0.64",2014-08-03
"324","0.0385","80.89","1.71","0.73",2014-08-04
"325","0.0099","74.83","3.15","0.82",2014-08-05
"326","0","74.27","6.26","0.69",2014-08-06
"327","0","76.3","7.79","0.67",2014-08-07
"328","0","77.18","10.82","0.66",2014-08-08
"329","0","75.29","9.78","0.65",2014-08-09
"330","0","75.25","7.63","0.69",2014-08-10
"331","0.0485","76.84","5.46","0.8",2014-08-11
"332","9e-04","70.01","10.58","0.79",2014-08-12
"333","0","78.54","3.53","0.69",2014-08-13
"334","0","67.94","8.7","0.61",2014-08-14
"335","0","75.86","5.29","0.58",2014-08-15
"336","0","79.18","8.07","0.72",2014-08-16
"337","0","71.79","7.2","0.87",2014-08-17
"338","0","78.89","0.7","0.79",2014-08-18
"339","0.0046","83.54","10.71","0.74",2014-08-19
"340","0","85.19","7.56","0.68",2014-08-20
"341","0.0393","78.18","5.39","0.88",2014-08-21
"342","0.0622","83.71","3.72","0.82",2014-08-22
"343","0.0094","79.92","2.39","0.88",2014-08-23
"344","0","82.12","7.22","0.8",2014-08-24
"345","0.0318","84.88","5.48","0.81",2014-08-25
"346","0","80.01","0.26","0.78",2014-08-26
"347","0","75.77","6.8","0.74",2014-08-27
"348","4e-04","73.07","8.78","0.69",2014-08-28
"349","0.0014","82.56","11.27","0.75",2014-08-29
"350","0.0054","83.1","12.13","0.74",2014-08-30
"351","0","84.07","7.72","0.75",2014-08-31
"352","0.0042","82.29","12.19","0.75",2014-09-01
"353","3e-04","79.73","2.87","0.7",2014-09-02
"354","0","81.39","5.15","0.64",2014-09-03
"355","0.0077","84.31","12.54","0.72",2014-09-04
"356","0.0132","86.07","8.44","0.77",2014-09-05
"357","0","71.08","7.02","0.65",2014-09-06
"358","0","74.67","0.66","0.63",2014-09-07
"359","0","76.6","6.75","0.6",2014-09-08
"360","2e-04","77.93","8.88","0.67",2014-09-09
"361","0.03","79.31","9.49","0.81",2014-09-10
"362","0","58.38","11.8","0.74",2014-09-11
"363","0.0026","55.97","10.46","0.82",2014-09-12
"364","4e-04","55.56","6.43","0.75",2014-09-13
"365","0","65.28","5.9","0.67",2014-09-14
"366","2e-04","60.18","3.11","0.79",2014-09-15
"367","0","63.85","3.23","0.71",2014-09-16
"368","0","66.68","3.43","0.67",2014-09-17
"369","0","66.51","4.94","0.77",2014-09-18
"370","0","73.93","10.63","0.6",2014-09-19
"371","0.0015","77.34","12.63","0.74",2014-09-20
"372","0.0045","70.98","10.91","0.72",2014-09-21
"373","0","63.78","4.25","0.66",2014-09-22
"374","0","71.25","2.57","0.64",2014-09-23
"375","0","73.35","4.04","0.65",2014-09-24
"376","0","72.19","3.3","0.71",2014-09-25
"377","0","72.59","3.89","0.72",2014-09-26
"378","0","71.53","3.47","0.76",2014-09-27
"379","0","71.78","3.28","0.79",2014-09-28
"380","0","80.62","3.12","0.74",2014-09-29
"381","1e-04","56.6","11.75","0.8",2014-09-30
"382","0","68.94","9.94","0.68",2014-10-01
"383","0.0038","71.89","8.85","0.8",2014-10-02
"384","0.0343","65.86","12.46","0.79",2014-10-03
"385","0.0011","47.77","14.88","0.68",2014-10-04
"386","0","54.1","10.79","0.62",2014-10-05
"387","5e-04","60.64","9.87","0.63",2014-10-06
"388","0","66.14","10.58","0.62",2014-10-07
"389","0","65.41","11.06","0.51",2014-10-08
"390","0","57.06","4.7","0.51",2014-10-09
"391","0","57.15","6.95","0.67",2014-10-10
"392","0","56.81","5.4","0.61",2014-10-11
"393","8e-04","62.46","10.19","0.65",2014-10-12
"394","0.016","69.09","8.04","0.92",2014-10-13
"395","0.0221","66.26","5.93","0.91",2014-10-14
"396","0.0023","56.23","11.46","0.94",2014-10-15
"397","1e-04","56.67","4.58","0.9",2014-10-16
"398","2e-04","60.7","11.39","0.78",2014-10-17
"399","6e-04","50.71","12.03","0.74",2014-10-18
"400","0","54.98","9.19","0.73",2014-10-19
"401","2e-04","60.47","4.75","0.74",2014-10-20
"402","6e-04","52.44","12.85","0.76",2014-10-21
"403","0","51.88","4.56","0.75",2014-10-22
"404","3e-04","58.79","7","0.77",2014-10-23
"405","2e-04","62.82","4.13","0.75",2014-10-24
"406","0","66.95","8.48","0.68",2014-10-25
"407","2e-04","58.03","1.46","0.58",2014-10-26
"408","0.002","74.04","10.66","0.67",2014-10-27
"409","0.0032","64.95","13.17","0.69",2014-10-28
"410","0","48.48","9.25","0.68",2014-10-29
"411","0","50.86","5.35","0.74",2014-10-30
"412","0.0048","46.46","21.95","0.72",2014-10-31
"413","5e-04","41.6","11.63","0.68",2014-11-01
"414","0","50.98","10.05","0.66",2014-11-02
"415","0","59.86","12.67","0.56",2014-11-03
"416","0.0021","55.86","14.38","0.71",2014-11-04
"417","0.001","54.51","10.94","0.77",2014-11-05
"418","0.004","48.69","14.63","0.82",2014-11-06
"419","0.0024","43.87","8.08","0.78",2014-11-07
"420","0.0031","42","13.33","0.79",2014-11-08
"421","0.0011","34.79","14.57","0.68",2014-11-09
"422","0.0079","36.65","12.01","0.79",2014-11-10
"423","0.0023","35.18","12.55","0.79",2014-11-11
"424","NA","46.67","10.98","0.7",2014-11-12
"425","NA","46.16","12.7","0.68",2014-11-13
"426","NA","45.69","12.74","0.68",2014-11-14
"427","NA","45.24","12.69","0.68",2014-11-15
"428","NA","44.83","12.73","0.69",2014-11-16
"429","NA","44.44","12.86","0.69",2014-11-17
"430","NA","44.09","12.94","0.69",2014-11-18
"431","NA","43.75","12.95","0.7",2014-11-19
"432","NA","43.44","12.91","0.7",2014-11-20
"433","NA","43.13","12.93","0.7",2014-11-21
"434","NA","42.83","12.98","0.7",2014-11-22
"435","NA","42.53","13","0.71",2014-11-23
"436","NA","42.22","12.97","0.71",2014-11-24
"437","NA","41.89","12.99","0.71",2014-11-25
"438","NA","41.55","13.05","0.71",2014-11-26
"439","NA","41.18","13.08","0.71",2014-11-27
"440","NA","40.79","13.1","0.71",2014-11-28
"441","NA","40.37","13.08","0.71",2014-11-29
"442","NA","39.92","13.08","0.71",2014-11-30
"443","NA","39.45","13.1","0.71",2014-12-01
"444","NA","38.96","13.06","0.71",2014-12-02
"445","NA","38.46","12.95","0.71",2014-12-03
"446","NA","37.94","12.97","0.71",2014-12-04
"447","NA","37.42","13.08","0.7",2014-12-05
"448","NA","36.9","13.12","0.7",2014-12-06
"449","NA","36.39","13.1","0.7",2014-12-07
"450","NA","35.91","13.07","0.7",2014-12-08
"451","NA","35.44","13.08","0.71",2014-12-09
"452","NA","35","13.08","0.71",2014-12-10
"453","NA","34.6","13","0.71",2014-12-11
"454","NA","34.24","12.88","0.71",2014-12-12
"455","NA","33.91","12.93","0.71",2014-12-13
"456","NA","33.62","13.06","0.71",2014-12-14
"457","NA","33.37","13.11","0.72",2014-12-15
"458","NA","33.15","13.09","0.72",2014-12-16
"459","NA","32.96","13.08","0.72",2014-12-17
"460","NA","32.79","13.08","0.72",2014-12-18
"461","NA","32.64","13.09","0.73",2014-12-19
"462","NA","32.51","13.04","0.73",2014-12-20
"463","NA","32.37","12.97","0.73",2014-12-21
"464","NA","32.24","12.99","0.73",2014-12-22
"465","NA","32.1","13.04","0.73",2014-12-23
"466","NA","31.94","13.05","0.73",2014-12-24
"467","NA","31.77","13.03","0.74",2014-12-25
"468","NA","31.58","13.02","0.74",2014-12-26
"469","NA","31.36","13.02","0.74",2014-12-27
"470","NA","31.13","13.02","0.74",2014-12-28
"471","NA","30.87","12.94","0.73",2014-12-29
"472","NA","30.6","12.82","0.73",2014-12-30
"473","NA","30.32","12.83","0.73",2014-12-31
"474","NA","30.04","12.91","0.73",2015-01-01
"475","NA","29.75","12.92","0.73",2015-01-02
"476","NA","29.47","12.87","0.73",2015-01-03
"477","NA","29.21","12.87","0.73",2015-01-04
"478","NA","28.96","12.91","0.72",2015-01-05
"479","NA","28.75","12.92","0.72",2015-01-06
"480","NA","28.56","12.82","0.72",2015-01-07
"481","NA","28.42","12.71","0.72",2015-01-08
"482","NA","28.31","12.77","0.72",2015-01-09
"483","NA","28.25","12.87","0.72",2015-01-10
"484","NA","28.22","12.88","0.72",2015-01-11
"485","NA","28.24","12.86","0.72",2015-01-12
"486","NA","28.29","12.88","0.73",2015-01-13
"487","NA","28.38","12.91","0.73",2015-01-14
"488","NA","28.49","12.9","0.73",2015-01-15
"489","NA","28.62","12.89","0.73",2015-01-16
"490","NA","28.76","12.87","0.73",2015-01-17
"491","NA","28.92","12.9","0.73",2015-01-18
"492","NA","29.07","12.91","0.73",2015-01-19
"493","NA","29.21","12.91","0.74",2015-01-20
"494","NA","29.34","12.89","0.74",2015-01-21
"495","NA","29.46","12.9","0.74",2015-01-22
"496","NA","29.55","12.9","0.74",2015-01-23
"497","NA","29.63","12.9","0.74",2015-01-24
"498","NA","29.68","12.9","0.74",2015-01-25
"499","NA","29.72","12.88","0.74",2015-01-26
"500","NA","29.73","12.91","0.73",2015-01-27
"501","NA","29.74","12.92","0.73",2015-01-28
"502","NA","29.73","12.86","0.73",2015-01-29
"503","NA","29.73","12.75","0.73",2015-01-30
"504","NA","29.73","12.77","0.73",2015-01-31
"505","NA","29.74","12.9","0.72",2015-02-01
"506","NA","29.77","12.93","0.72",2015-02-02
"507","NA","29.83","12.87","0.72",2015-02-03
"508","NA","29.91","12.83","0.72",2015-02-04
"509","NA","30.03","12.9","0.71",2015-02-05
"510","NA","30.19","12.93","0.71",2015-02-06
"511","NA","30.38","12.81","0.71",2015-02-07
"512","NA","30.62","12.68","0.71",2015-02-08
"513","NA","30.88","12.78","0.71",2015-02-09
"514","NA","31.19","13","0.71",2015-02-10
"515","NA","31.52","13.07","0.71",2015-02-11
"516","NA","31.87","13.05","0.71",2015-02-12
"517","NA","32.24","13.07","0.71",2015-02-13
"518","NA","32.62","13.11","0.71",2015-02-14
"519","NA","33","13.12","0.71",2015-02-15
"520","NA","33.38","13.05","0.71",2015-02-16
"521","NA","33.74","12.94","0.71",2015-02-17
"522","NA","34.09","13.01","0.71",2015-02-18
"523","NA","34.42","13.15","0.71",2015-02-19
"524","NA","34.72","13.15","0.71",2015-02-20
"525","NA","35","13.13","0.71",2015-02-21
"526","NA","35.25","13.15","0.71",2015-02-22
"527","NA","35.48","13.17","0.71",2015-02-23
"528","NA","35.68","13.14","0.71",2015-02-24
"529","NA","35.87","12.91","0.71",2015-02-25
"530","NA","36.04","12.66","0.71",2015-02-26
"531","NA","36.21","12.71","0.7",2015-02-27
"532","NA","36.37","12.92","0.7",2015-02-28
"533","NA","36.54","12.94","0.7",2015-03-01
"534","NA","36.73","12.89","0.7",2015-03-02
"535","NA","36.93","12.96","0.69",2015-03-03
"536","NA","37.15","13.04","0.69",2015-03-04
"537","NA","37.41","12.92","0.69",2015-03-05
"538","NA","37.69","12.5","0.68",2015-03-06
"539","NA","38.01","12.29","0.68",2015-03-07
"540","NA","38.36","12.42","0.68",2015-03-08
"541","NA","38.74","12.59","0.68",2015-03-09
"542","NA","39.15","12.51","0.68",2015-03-10
"543","NA","39.59","12.44","0.68",2015-03-11
"544","NA","40.04","12.45","0.67",2015-03-12
"545","NA","40.51","12.55","0.67",2015-03-13
"546","NA","40.98","12.33","0.67",2015-03-14
"547","NA","41.45","11.45","0.67",2015-03-15
"548","NA","41.91","11.34","0.67",2015-03-16
"549","NA","42.36","11.16","0.68",2015-03-17
"550","NA","42.78","10.59","0.68",2015-03-18
"551","NA","43.19","10.36","0.68",2015-03-19
"552","NA","43.56","10.49","0.68",2015-03-20
"553","NA","43.91","10.02","0.68",2015-03-21
"554","NA","44.22","7.88","0.68",2015-03-22
"555","NA","44.5","7.01","0.68",2015-03-23
"556","NA","44.76","8.41","0.68",2015-03-24
"557","NA","45","9.43","0.68",2015-03-25
"558","NA","45.22","9.77","0.68",2015-03-26
"559","NA","45.43","9.86","0.68",2015-03-27
"560","NA","45.63","10.35","0.68",2015-03-28
"561","NA","45.84","10.74","0.67",2015-03-29
"562","NA","46.05","10.46","0.67",2015-03-30
"563","NA","46.28","9.16","0.67",2015-03-31
"564","NA","46.54","7.96","0.67",2015-04-01
"565","NA","46.81","8.61","0.67",2015-04-02
"566","NA","47.12","9.57","0.66",2015-04-03
"567","NA","47.46","9.93","0.66",2015-04-04
"568","NA","47.83","9.95","0.66",2015-04-05
"569","NA","48.23","10.47","0.66",2015-04-06
"570","NA","48.66","10.73","0.66",2015-04-07
"571","NA","49.11","9.99","0.65",2015-04-08
"572","NA","49.57","7.28","0.65",2015-04-09
"573","NA","50.05","4.97","0.65",2015-04-10
"574","NA","50.54","6.31","0.65",2015-04-11
"575","NA","51.02","7.57","0.65",2015-04-12
"576","NA","51.5","6.93","0.65",2015-04-13
"577","NA","51.96","6.46","0.65",2015-04-14
"578","NA","52.4","8.44","0.65",2015-04-15
"579","NA","52.82","9.3","0.66",2015-04-16
"580","NA","53.21","8.3","0.66",2015-04-17
"581","NA","53.56","6.23","0.66",2015-04-18
"582","NA","53.89","5.05","0.66",2015-04-19
"583","NA","54.19","6.54","0.66",2015-04-20
"584","NA","54.46","7.47","0.66",2015-04-21
"585","NA","54.71","7.25","0.66",2015-04-22
"586","NA","54.94","7.29","0.67",2015-04-23
"587","NA","55.17","8.28","0.67",2015-04-24
"588","NA","55.38","8.09","0.67",2015-04-25
"589","NA","55.6","7.39","0.67",2015-04-26
"590","NA","55.83","6.73","0.67",2015-04-27
"591","NA","56.07","6.48","0.67",2015-04-28
"592","NA","56.34","6.83","0.66",2015-04-29
"593","NA","56.63","7.06","0.66",2015-04-30
"594","NA","56.95","6.68","0.66",2015-05-01
"595","NA","57.3","6.29","0.66",2015-05-02
"596","NA","57.68","6.74","0.66",2015-05-03
"597","NA","58.09","6.68","0.66",2015-05-04
"598","NA","58.53","6.32","0.66",2015-05-05
"599","NA","59","5.67","0.65",2015-05-06
"600","NA","59.48","5.35","0.65",2015-05-07
"601","NA","59.98","5.76","0.65",2015-05-08
"602","NA","60.48","5.48","0.65",2015-05-09
"603","NA","60.98","3.06","0.65",2015-05-10
"604","NA","61.47","2.79","0.65",2015-05-11
"605","NA","61.95","4.03","0.65",2015-05-12
"606","NA","62.41","5.42","0.65",2015-05-13
"607","NA","62.84","5.18","0.66",2015-05-14
"608","NA","63.25","4.42","0.66",2015-05-15
"609","NA","63.62","4.81","0.66",2015-05-16
"610","NA","63.97","5.74","0.66",2015-05-17
"611","NA","64.28","5.48","0.66",2015-05-18
"612","NA","64.57","3.44","0.67",2015-05-19
"613","NA","64.83","3.06","0.67",2015-05-20
"614","NA","65.07","4.71","0.67",2015-05-21
"615","NA","65.3","5.47","0.67",2015-05-22
"616","NA","65.52","5.33","0.68",2015-05-23
"617","NA","65.75","5.12","0.68",2015-05-24
"618","NA","65.98","5.44","0.68",2015-05-25
"619","NA","66.22","5.92","0.68",2015-05-26
"620","NA","66.48","5.56","0.68",2015-05-27
"621","NA","66.77","3.99","0.68",2015-05-28
"622","NA","67.08","3.11","0.68",2015-05-29
"623","NA","67.42","3.8","0.68",2015-05-30
"624","NA","67.79","4.13","0.68",2015-05-31
"625","NA","68.19","3.73","0.68",2015-06-01
"626","NA","68.61","3.46","0.68",2015-06-02
"627","NA","69.06","4.17","0.67",2015-06-03
"628","NA","69.52","4.64","0.67",2015-06-04
"629","NA","69.99","3.54","0.67",2015-06-05
"630","NA","70.46","0.45","0.67",2015-06-06
"631","NA","70.93","1.24","0.67",2015-06-07
"632","NA","71.39","0.89","0.67",2015-06-08
"633","NA","71.83","1.34","0.67",2015-06-09
"634","NA","72.24","0.47","0.67",2015-06-10
"635","NA","72.63","1.02","0.67",2015-06-11
"636","NA","72.99","3.02","0.67",2015-06-12
"637","NA","73.31","3.96","0.67",2015-06-13
"638","NA","73.6","2.95","0.68",2015-06-14
"639","NA","73.85","0.91","0.68",2015-06-15
"640","NA","74.07","1.18","0.68",2015-06-16
"641","NA","74.26","2.32","0.68",2015-06-17
"642","NA","74.43","2.62","0.68",2015-06-18
"643","NA","74.58","2.24","0.69",2015-06-19
"644","NA","74.72","2.96","0.69",2015-06-20
"645","NA","74.85","4.28","0.69",2015-06-21
"646","NA","74.99","4.71","0.69",2015-06-22
"647","NA","75.13","4.19","0.69",2015-06-23
"648","NA","75.29","3.21","0.69",2015-06-24
"649","NA","75.46","3.06","0.7",2015-06-25
"650","NA","75.66","3.4","0.7",2015-06-26
"651","NA","75.89","3","0.7",2015-06-27
"652","NA","76.13","1.86","0.7",2015-06-28
"653","NA","76.4","2.32","0.69",2015-06-29
"654","NA","76.69","3.65","0.69",2015-06-30
"655","NA","77","4","0.69",2015-07-01
"656","NA","77.32","2.97","0.69",2015-07-02
"657","NA","77.65","1.62","0.69",2015-07-03
"658","NA","77.97","1.69","0.69",2015-07-04
"659","NA","78.29","1.69","0.69",2015-07-05
"660","NA","78.59","2.85","0.68",2015-07-06
"661","NA","78.87","5.64","0.68",2015-07-07
"662","NA","79.12","4.89","0.68",2015-07-08
"663","NA","79.34","1.68","0.68",2015-07-09
"664","NA","79.52","2.35","0.68",2015-07-10
"665","NA","79.67","1.71","0.68",2015-07-11
"666","NA","79.77","2.09","0.68",2015-07-12
"667","NA","79.84","1.68","0.68",2015-07-13
"668","NA","79.87","1.97","0.68",2015-07-14
"669","NA","79.87","1.79","0.68",2015-07-15
"670","NA","79.85","4.31","0.69",2015-07-16
"671","NA","79.8","2.19","0.69",2015-07-17
"672","NA","79.73","2.32","0.69",2015-07-18
"673","NA","79.66","3.07","0.69",2015-07-19
"674","NA","79.59","2.54","0.69",2015-07-20
"675","NA","79.52","2.23","0.69",2015-07-21
"676","NA","79.47","2.84","0.69",2015-07-22
"677","NA","79.42","3.04","0.7",2015-07-23
"678","NA","79.4","1.08","0.7",2015-07-24
"679","NA","79.4","3.64","0.7",2015-07-25
"680","NA","79.43","3.5","0.7",2015-07-26
"681","NA","79.47","1.21","0.7",2015-07-27
"682","NA","79.54","1.19","0.69",2015-07-28
"683","NA","79.62","2.18","0.69",2015-07-29
"684","NA","79.71","2.74","0.69",2015-07-30
"685","NA","79.8","1.27","0.69",2015-07-31
"686","NA","79.9","1.25","0.69",2015-08-01
"687","NA","79.99","4.76","0.69",2015-08-02
"688","NA","80.06","6.88","0.68",2015-08-03
"689","NA","80.11","6.88","0.68",2015-08-04
"690","NA","80.13","5.83","0.68",2015-08-05
"691","NA","80.12","5.59","0.68",2015-08-06
"692","NA","80.08","6.28","0.67",2015-08-07
"693","NA","80","5.67","0.67",2015-08-08
"694","NA","79.88","2.29","0.67",2015-08-09
"695","NA","79.72","1.23","0.67",2015-08-10
"696","NA","79.52","3.97","0.67",2015-08-11
"697","NA","79.3","6.15","0.67",2015-08-12
"698","NA","79.05","5.76","0.67",2015-08-13
"699","NA","78.77","3.83","0.67",2015-08-14
"700","NA","78.49","3.65","0.67",2015-08-15
"701","NA","78.19","4.94","0.67",2015-08-16
"702","NA","77.9","3.01","0.68",2015-08-17
"703","NA","77.61","1.28","0.68",2015-08-18
"704","NA","77.33","2.09","0.68",2015-08-19
"705","NA","77.08","1.2","0.68",2015-08-20
"706","NA","76.84","4.96","0.68",2015-08-21
"707","NA","76.63","5.05","0.68",2015-08-22
"708","NA","76.44","4.48","0.68",2015-08-23
"709","NA","76.28","5.9","0.68",2015-08-24
"710","NA","76.13","7.16","0.68",2015-08-25
"711","NA","76.01","6.65","0.68",2015-08-26
"712","NA","75.9","4.15","0.68",2015-08-27
"713","NA","75.8","3.27","0.68",2015-08-28
"714","NA","75.7","6.36","0.67",2015-08-29
"715","NA","75.6","7.7","0.67",2015-08-30
"716","NA","75.48","7.7","0.67",2015-08-31
"717","NA","75.35","7.65","0.67",2015-09-01
"718","NA","75.19","8.35","0.67",2015-09-02
"719","NA","75","8.77","0.66",2015-09-03
"720","NA","74.78","8.36","0.66",2015-09-04
"721","NA","74.52","6.79","0.66",2015-09-05
"722","NA","74.23","5.87","0.66",2015-09-06
"723","NA","73.91","7.13","0.66",2015-09-07
"724","NA","73.55","7.67","0.65",2015-09-08
"725","NA","73.16","6.95","0.65",2015-09-09
"726","NA","72.75","6.6","0.65",2015-09-10
"727","NA","72.32","7.91","0.65",2015-09-11
"728","NA","71.87","8.58","0.65",2015-09-12
"729","NA","71.42","7.85","0.65",2015-09-13
"730","NA","70.98","4.61","0.66",2015-09-14
"731","NA","70.54","3.87","0.66",2015-09-15
"732","NA","70.12","5.85","0.66",2015-09-16
"733","NA","69.71","6.61","0.66",2015-09-17
"734","NA","69.33","5.03","0.66",2015-09-18
"735","NA","68.98","5.93","0.66",2015-09-19
"736","NA","68.65","8.66","0.66",2015-09-20
"737","NA","68.35","9.5","0.66",2015-09-21
"738","NA","68.08","9.44","0.67",2015-09-22
"739","NA","67.82","8.87","0.67",2015-09-23
"740","NA","67.59","9.04","0.67",2015-09-24
"741","NA","67.36","9.66","0.67",2015-09-25
"742","NA","67.14","9.86","0.67",2015-09-26
"743","NA","66.91","9.7","0.67",2015-09-27
"744","NA","66.67","9.88","0.66",2015-09-28
"745","NA","66.42","10.34","0.66",2015-09-29
"746","NA","66.15","10.58","0.66",2015-09-30
"747","NA","65.85","10.64","0.66",2015-10-01
"748","NA","65.52","10.63","0.66",2015-10-02
"749","NA","65.16","10.67","0.66",2015-10-03
"750","NA","64.76","10.82","0.65",2015-10-04
"751","NA","64.33","10.93","0.65",2015-10-05
"752","NA","63.87","10.96","0.65",2015-10-06
"753","NA","63.38","10.9","0.65",2015-10-07
"754","NA","62.86","11.01","0.65",2015-10-08
"755","NA","62.33","11.2","0.65",2015-10-09
"756","NA","61.79","11.33","0.65",2015-10-10
"757","NA","61.24","11.36","0.65",2015-10-11
"758","NA","60.7","11.35","0.65",2015-10-12
"759","NA","60.16","11.46","0.65",2015-10-13
"760","NA","59.64","11.48","0.66",2015-10-14
"761","NA","59.15","11.1","0.66",2015-10-15
"762","NA","58.67","11.28","0.66",2015-10-16
"763","NA","58.23","11.61","0.66",2015-10-17
"764","NA","57.81","11.78","0.66",2015-10-18
"765","NA","57.42","11.87","0.67",2015-10-19
"766","NA","57.05","11.88","0.67",2015-10-20
"767","NA","56.71","11.92","0.67",2015-10-21
"768","NA","56.39","12.01","0.67",2015-10-22
"769","NA","56.08","12.09","0.67",2015-10-23
"770","NA","55.78","12.06","0.68",2015-10-24
"771","NA","55.47","12.1","0.68",2015-10-25
"772","NA","55.16","12.18","0.68",2015-10-26
"773","NA","54.84","12.25","0.68",2015-10-27
"774","NA","54.49","12.32","0.68",2015-10-28
"775","NA","54.12","12.34","0.68",2015-10-29
"776","NA","53.73","12.36","0.68",2015-10-30
"777","NA","53.3","12.43","0.68",2015-10-31
